,best_classifier_training_time,best_classifier_inference_time,best_classifier_recall,best_classifier_precision,best_classifier_f1,best_classifier_TN,best_classifier_FP,best_classifier_FN,best_classifier_TP,best_classifier_auc,best_classifier_p_auc_10,best_classifier_p_auc_20,best_classifier_p_auc_30,training_time_avg,inference_time_avg,auc_avg,auc_std,p_auc_10_avg,p_auc_10_std,p_auc_20_avg,p_auc_20_std,p_auc_30_avg,p_auc_30_std,recall_avg,recall_std
"{'hidden_activation': 'relu', 'hidden_neurons': [2, 1, 1, 2]}",969.6489254200026,16.20652120299701,0.1564245810055866,0.14659685863874344,0.15135135135135133,18738.0,163.0,151.0,28.0,0.6624650228373126,0.6386423690713872,0.6611100749696768,0.6690832977677086,969.6489254200026,16.20652120299701,0.6624650228373126,0.0,0.6386423690713872,0.0,0.6611100749696768,0.0,0.6690832977677086,0.0,0.1564245810055866,0.0
"{'hidden_activation': 'sigmoid', 'hidden_neurons': [2, 1, 1, 2]}",1049.03044421501,16.34435846100405,0.1564245810055866,0.14659685863874344,0.15135135135135133,18738.0,163.0,151.0,28.0,0.6476523219042827,0.6336744386296937,0.657788264645695,0.6647672620694476,1049.03044421501,16.34435846100405,0.6476523219042827,0.0,0.6336744386296937,0.0,0.657788264645695,0.0,0.6647672620694476,0.0,0.1564245810055866,0.0
"{'hidden_activation': 'tanh', 'hidden_neurons': [2, 1, 1, 2]}",1147.4671919830053,18.334054726014074,0.1564245810055866,0.14659685863874344,0.15135135135135133,18738.0,163.0,151.0,28.0,0.6587365393158531,0.6287111751024594,0.6556007089900393,0.6647550914886033,1147.4671919830053,18.334054726014074,0.6587365393158531,0.0,0.6287111751024594,0.0,0.6556007089900393,0.0,0.6647550914886033,0.0,0.1564245810055866,0.0
