,best_classifier_training_time,best_classifier_inference_time,best_classifier_recall,best_classifier_precision,best_classifier_f1,best_classifier_TN,best_classifier_FP,best_classifier_FN,best_classifier_TP,best_classifier_auc,best_classifier_p_auc_10,best_classifier_p_auc_20,best_classifier_p_auc_30,training_time_avg,inference_time_avg,auc_avg,auc_std,p_auc_10_avg,p_auc_10_std,p_auc_20_avg,p_auc_20_std,p_auc_30_avg,p_auc_30_std,recall_avg,recall_std
"{'hidden_activation': 'relu', 'hidden_neurons': [2, 1, 1, 2]}",135.60775027100226,2.847243373999845,0.011538461538461539,0.0038071065989847717,0.0057251908396946565,65205.0,785.0,257.0,3.0,0.7968079662419714,0.5791334685171851,0.6468108027245776,0.6853871090208147,124.34749028560036,2.8340318934002426,0.7937462844020656,0.0015370421709181806,0.573842541557031,0.002852999763620581,0.6420849801283092,0.002603235352678344,0.6802327332835519,0.0026687284163094496,0.01076923076923077,0.0015384615384615387
"{'hidden_activation': 'sigmoid', 'hidden_neurons': [2, 1, 1, 2]}",123.34490618400196,2.576964035000856,0.011538461538461539,0.0038119440914866584,0.005730659025787966,65206.0,784.0,257.0,3.0,0.8032104806089501,0.5778783078759799,0.6497591808296834,0.6914495477513047,124.7607137064002,2.6129170669992163,0.7907499213167496,0.009193682949532109,0.5710139743300346,0.006176479420070277,0.6350823750007271,0.009307788713337938,0.6741620662392972,0.010464744793784522,0.009230769230769232,0.0018842228790639831
"{'hidden_activation': 'tanh', 'hidden_neurons': [2, 1, 1, 2]}",117.5313821599957,2.999773469999127,0.007692307692307693,0.0029985007496251873,0.004314994606256742,65325.0,665.0,258.0,2.0,0.7967801648268386,0.577493943503884,0.6464329288431425,0.6838103012545664,126.36256424020321,2.732882588400753,0.7931750964598365,0.0018546090838807527,0.5727127205846259,0.003519310917147922,0.6406724714530796,0.004588825286661812,0.6789698242592175,0.004151343652002828,0.008461538461538461,0.0015384615384615385
