,best_classifier_training_time,best_classifier_inference_time,best_classifier_recall,best_classifier_precision,best_classifier_f1,best_classifier_TN,best_classifier_FP,best_classifier_FN,best_classifier_TP,best_classifier_auc,best_classifier_p_auc_10,best_classifier_p_auc_20,best_classifier_p_auc_30,training_time_avg,inference_time_avg,auc_avg,auc_std,p_auc_10_avg,p_auc_10_std,p_auc_20_avg,p_auc_20_std,p_auc_30_avg,p_auc_30_std,recall_avg,recall_std
{},0.44446833999609225,0.27923723598360084,0.11297071129707113,0.01997780244173141,0.033951587551084565,261873.0,2649.0,424.0,54.0,0.8901204015934134,0.6324424676480307,0.7262691547010908,0.7852473052562583,0.44446833999609225,0.27923723598360084,0.8901204015934134,0.0,0.6324424676480307,0.0,0.7262691547010908,0.0,0.7852473052562583,0.0,0.11297071129707113,0.0
