,best_classifier_training_time,best_classifier_inference_time,best_classifier_recall,best_classifier_precision,best_classifier_f1,best_classifier_TN,best_classifier_FP,best_classifier_FN,best_classifier_TP,best_classifier_auc,best_classifier_p_auc_10,best_classifier_p_auc_20,best_classifier_p_auc_30,training_time_avg,inference_time_avg,auc_avg,auc_std,p_auc_10_avg,p_auc_10_std,p_auc_20_avg,p_auc_20_std,p_auc_30_avg,p_auc_30_std,recall_avg,recall_std
{},1.3137755670031765,2.3152584019990172,0.12121212121212122,0.004321988114532685,0.008346374543557643,849132.0,5529.0,174.0,24.0,0.8375746570153476,0.665392224484093,0.7079922041441981,0.7434881298674448,1.3137755670031765,2.3152584019990172,0.8375746570153476,0.0,0.665392224484093,0.0,0.7079922041441981,0.0,0.7434881298674448,0.0,0.12121212121212122,0.0
