,best_classifier_training_time,best_classifier_inference_time,best_classifier_recall,best_classifier_precision,best_classifier_f1,best_classifier_TN,best_classifier_FP,best_classifier_FN,best_classifier_TP,best_classifier_auc,best_classifier_p_auc_10,best_classifier_p_auc_20,best_classifier_p_auc_30,training_time_avg,inference_time_avg,auc_avg,auc_std,p_auc_10_avg,p_auc_10_std,p_auc_20_avg,p_auc_20_std,p_auc_30_avg,p_auc_30_std,recall_avg,recall_std
{},13.470265864023531,7.281733303047076,0.04040404040404041,0.0009409550693954364,0.001839080459770115,846167.0,8494.0,190.0,8.0,0.4786897726677358,0.5125759501246883,0.5152498151645377,0.5074243262943744,13.470265864023531,7.281733303047076,0.4786897726677358,0.0,0.5125759501246883,0.0,0.5152498151645377,0.0,0.5074243262943744,0.0,0.04040404040404041,0.0
