,best_classifier_training_time,best_classifier_inference_time,best_classifier_recall,best_classifier_precision,best_classifier_f1,best_classifier_TN,best_classifier_FP,best_classifier_FN,best_classifier_TP,best_classifier_auc,best_classifier_p_auc_10,best_classifier_p_auc_20,best_classifier_p_auc_30,training_time_avg,inference_time_avg,auc_avg,auc_std,p_auc_10_avg,p_auc_10_std,p_auc_20_avg,p_auc_20_std,p_auc_30_avg,p_auc_30_std,recall_avg,recall_std
{},1.0173272060055751,1.7458847220041207,0.06565656565656566,0.0018497438816163915,0.0035981179075560473,847646.0,7015.0,185.0,13.0,0.8861447327470698,0.6764610881630632,0.7696788842136283,0.8155775705327485,1.0173272060055751,1.7458847220041207,0.8861447327470698,0.0,0.6764610881630632,0.0,0.7696788842136283,0.0,0.8155775705327485,0.0,0.06565656565656566,0.0
