,best_classifier_training_time,best_classifier_inference_time,best_classifier_recall,best_classifier_precision,best_classifier_f1,best_classifier_TN,best_classifier_FP,best_classifier_FN,best_classifier_TP,best_classifier_auc,best_classifier_p_auc_10,best_classifier_p_auc_20,best_classifier_p_auc_30,training_time_avg,inference_time_avg,auc_avg,auc_std,p_auc_10_avg,p_auc_10_std,p_auc_20_avg,p_auc_20_std,p_auc_30_avg,p_auc_30_std,recall_avg,recall_std
"{'hidden_activation': 'relu', 'hidden_neurons': [2, 1, 1, 2]}",1350.1663214940127,150.09441832498123,0.1861152141802068,0.00798504388605469,0.015313098167897181,3145484.0,31307.0,1102.0,252.0,0.970579931513035,0.8451575342791317,0.9182775875362084,0.9423135912020295,1350.1663214940127,150.09441832498123,0.970579931513035,0.0,0.8451575342791317,0.0,0.9182775875362084,0.0,0.9423135912020295,0.0,0.1861152141802068,0.0
"{'hidden_activation': 'sigmoid', 'hidden_neurons': [2, 1, 1, 2]}",1217.9349500589087,146.47517368178524,0.1986706056129985,0.00849464742476395,0.01629266224523788,3145393.0,31398.0,1085.0,269.0,0.9713798507223114,0.8579627921644626,0.92077731539287,0.9438820602398263,1217.9349500589087,146.47517368178524,0.9713798507223114,0.0,0.8579627921644626,0.0,0.92077731539287,0.0,0.9438820602398263,0.0,0.1986706056129985,0.0
"{'hidden_activation': 'tanh', 'hidden_neurons': [2, 1, 1, 2]}",1248.1353381789813,143.23873557691695,0.16986706056129985,0.007326707441386341,0.014047517254015759,3145629.0,31162.0,1124.0,230.0,0.8660302821482841,0.8123850186204911,0.8664122264994607,0.8818084045600503,1248.1353381789813,143.23873557691695,0.8660302821482841,0.0,0.8123850186204911,0.0,0.8664122264994607,0.0,0.8818084045600503,0.0,0.16986706056129985,0.0
