,best_classifier_training_time,best_classifier_inference_time,best_classifier_recall,best_classifier_precision,best_classifier_f1,best_classifier_TN,best_classifier_FP,best_classifier_FN,best_classifier_TP,best_classifier_auc,best_classifier_p_auc_10,best_classifier_p_auc_20,best_classifier_p_auc_30,training_time_avg,inference_time_avg,auc_avg,auc_std,p_auc_10_avg,p_auc_10_std,p_auc_20_avg,p_auc_20_std,p_auc_30_avg,p_auc_30_std,recall_avg,recall_std
{},1.0060294790018816,1.6837670339991746,0.04040404040404041,0.0009044657998869418,0.001769324339267942,845824.0,8837.0,190.0,8.0,0.5902068661188945,0.5203454836092491,0.5441117584717016,0.5485763355135399,1.0060294790018816,1.6837670339991746,0.5902068661188945,0.0,0.5203454836092491,0.0,0.5441117584717016,0.0,0.5485763355135399,0.0,0.04040404040404041,0.0
