,best_classifier_training_time,best_classifier_inference_time,best_classifier_recall,best_classifier_precision,best_classifier_f1,best_classifier_TN,best_classifier_FP,best_classifier_FN,best_classifier_TP,best_classifier_auc,best_classifier_p_auc_10,best_classifier_p_auc_20,best_classifier_p_auc_30,training_time_avg,inference_time_avg,auc_avg,auc_std,p_auc_10_avg,p_auc_10_std,p_auc_20_avg,p_auc_20_std,p_auc_30_avg,p_auc_30_std,recall_avg,recall_std
{},0.03365386100267642,0.048129553000762826,0.007692307692307693,0.0038910505836575876,0.00516795865633075,65478.0,512.0,258.0,2.0,0.7955232436149999,0.49544965611767294,0.6169458773766455,0.6820045844445634,0.03365386100267642,0.048129553000762826,0.7955232436149999,0.0,0.49544965611767294,0.0,0.6169458773766455,0.0,0.6820045844445634,0.0,0.007692307692307693,0.0
