,best_classifier_training_time,best_classifier_inference_time,best_classifier_recall,best_classifier_precision,best_classifier_f1,best_classifier_TN,best_classifier_FP,best_classifier_FN,best_classifier_TP,best_classifier_auc,best_classifier_p_auc_10,best_classifier_p_auc_20,best_classifier_p_auc_30,training_time_avg,inference_time_avg,auc_avg,auc_std,p_auc_10_avg,p_auc_10_std,p_auc_20_avg,p_auc_20_std,p_auc_30_avg,p_auc_30_std,recall_avg,recall_std
{},2.0025193029991897,1.0442906760010828,0.33752620545073375,0.06077765194412986,0.10300703774792065,262035.0,2488.0,316.0,161.0,0.9568269560577894,0.8136532463448791,0.8832337884012766,0.9153469726623321,2.0025193029991897,1.0442906760010828,0.9568269560577894,0.0,0.8136532463448791,0.0,0.8832337884012766,0.0,0.9153469726623321,0.0,0.33752620545073375,0.0
