,best_classifier_training_time,best_classifier_inference_time,best_classifier_recall,best_classifier_precision,best_classifier_f1,best_classifier_TN,best_classifier_FP,best_classifier_FN,best_classifier_TP,best_classifier_auc,best_classifier_p_auc_10,best_classifier_p_auc_20,best_classifier_p_auc_30,training_time_avg,inference_time_avg,auc_avg,auc_std,p_auc_10_avg,p_auc_10_std,p_auc_20_avg,p_auc_20_std,p_auc_30_avg,p_auc_30_std,recall_avg,recall_std
"{'hidden_activation': 'relu', 'hidden_neurons': [2, 1, 1, 2]}",88.75267606299985,4.156197532000078,0.031578947368421054,0.007679180887372013,0.012354152367879203,131052.0,1163.0,276.0,9.0,0.7043467743594134,0.5062207571868895,0.6648711978149477,0.715966872348219,30.25332859699993,4.2648704777999225,0.7043467743594134,0.0,0.5062207571868895,0.0,0.6648711978149477,0.0,0.715966872348219,0.0,0.031578947368421054,0.0
"{'hidden_activation': 'sigmoid', 'hidden_neurons': [2, 1, 1, 2]}",62.42268500600039,4.303513292999924,0.031578947368421054,0.007679180887372013,0.012354152367879203,131052.0,1163.0,276.0,9.0,0.7043593137440279,0.5062261012346685,0.6649060294388777,0.7159914593768755,25.286341759199786,4.760550973000136,0.7043492822363362,5.0157538458162065e-06,0.5062218259964453,2.137619111586275e-06,0.6648781641397338,1.393264957196827e-05,0.7159717897539501,9.834811462594574e-06,0.031578947368421054,0.0
"{'hidden_activation': 'tanh', 'hidden_neurons': [2, 1, 1, 2]}",15.032904611000049,5.16355595100049,0.031578947368421054,0.007679180887372013,0.012354152367879203,131052.0,1163.0,276.0,9.0,0.7039934423662682,0.5062207571868895,0.6648711978149477,0.715966872348219,29.417320442799973,4.922181789400019,0.7077308344794597,0.00747478422638297,0.5062009830185743,3.95483366304461e-05,0.6648607225265659,2.0950576763745234e-05,0.7159594780270082,1.4788642421459386e-05,0.031578947368421054,0.0
