,best_classifier_training_time,best_classifier_inference_time,best_classifier_recall,best_classifier_precision,best_classifier_f1,best_classifier_TN,best_classifier_FP,best_classifier_FN,best_classifier_TP,best_classifier_auc,best_classifier_p_auc_10,best_classifier_p_auc_20,best_classifier_p_auc_30,training_time_avg,inference_time_avg,auc_avg,auc_std,p_auc_10_avg,p_auc_10_std,p_auc_20_avg,p_auc_20_std,p_auc_30_avg,p_auc_30_std,recall_avg,recall_std
{},1.2691839289982454,2.287086470001668,0.08585858585858586,0.0019957736557877437,0.003900871959614502,846160.0,8501.0,181.0,17.0,0.8816763298399878,0.6305274518927656,0.7361497913617409,0.7926927075033752,1.2691839289982454,2.287086470001668,0.8816763298399878,0.0,0.6305274518927656,0.0,0.7361497913617409,0.0,0.7926927075033752,0.0,0.08585858585858586,0.0
