,best_classifier_training_time,best_classifier_inference_time,best_classifier_recall,best_classifier_precision,best_classifier_f1,best_classifier_TN,best_classifier_FP,best_classifier_FN,best_classifier_TP,best_classifier_auc,best_classifier_p_auc_10,best_classifier_p_auc_20,best_classifier_p_auc_30,training_time_avg,inference_time_avg,auc_avg,auc_std,p_auc_10_avg,p_auc_10_std,p_auc_20_avg,p_auc_20_std,p_auc_30_avg,p_auc_30_std,recall_avg,recall_std
{},1.5458242269996845,2.062525995002943,0.19202363367799113,0.008771337966399029,0.016776358239772877,3147409.0,29382.0,1094.0,260.0,0.9709134016232513,0.8469126401223751,0.9192038933979201,0.9429674541632378,1.5458242269996845,2.062525995002943,0.9709134016232513,0.0,0.8469126401223751,0.0,0.9192038933979201,0.0,0.9429674541632378,0.0,0.19202363367799113,0.0
