,best_classifier_training_time,best_classifier_inference_time,best_classifier_recall,best_classifier_precision,best_classifier_f1,best_classifier_TN,best_classifier_FP,best_classifier_FN,best_classifier_TP,best_classifier_auc,best_classifier_p_auc_10,best_classifier_p_auc_20,best_classifier_p_auc_30,training_time_avg,inference_time_avg,auc_avg,auc_std,p_auc_10_avg,p_auc_10_std,p_auc_20_avg,p_auc_20_std,p_auc_30_avg,p_auc_30_std,recall_avg,recall_std
"{'hidden_activation': 'relu', 'hidden_neurons': [2, 1, 1, 2]}",160.01547284400294,8.525405536999187,0.19793205317577547,0.008479939248196431,0.016263122762303538,3145455.0,31336.0,1086.0,268.0,0.9686897043243949,0.8352089701283942,0.9130269564566527,0.9386072633811664,161.15657475880053,9.05209473659961,0.9682689038375486,0.00031341034005704364,0.8329942307239395,0.0016495281055634052,0.9118580662154127,0.0008705842779362612,0.9377821643873501,0.0006145300785431827,0.15612998522895127,0.030646277656527516
"{'hidden_activation': 'sigmoid', 'hidden_neurons': [2, 1, 1, 2]}",159.66845047499191,10.118277752998438,0.12998522895125553,0.007907979870596693,0.014908936891147818,3154711.0,22080.0,1178.0,176.0,0.9684418324237749,0.8339043811777622,0.9123384233993744,0.9381212400466172,159.04084855259825,9.943096751398661,0.9677425348758488,0.0004317743302755001,0.8302238677676257,0.002272496475134018,0.9103959302106913,0.0011993731396540072,0.9367500683840173,0.0008466163338734194,0.13825701624815362,0.020802545748001396
"{'hidden_activation': 'tanh', 'hidden_neurons': [2, 1, 1, 2]}",145.90689724400363,9.356735118008146,0.16322008862629248,0.01011904761904762,0.01905665258256446,3155172.0,21619.0,1133.0,221.0,0.9687909326522164,0.8357417508011384,0.9133081462561565,0.9388057502984632,151.2438584746007,9.071817487404042,0.9672536000600853,0.0012503867988099425,0.8276505266320282,0.006580983151631065,0.9090377779446814,0.003473296663360906,0.935791372666834,0.002451738821195853,0.13825701624815362,0.022659963494495068
