,best_classifier_training_time,best_classifier_inference_time,best_classifier_recall,best_classifier_precision,best_classifier_f1,best_classifier_TN,best_classifier_FP,best_classifier_FN,best_classifier_TP,best_classifier_auc,best_classifier_p_auc_10,best_classifier_p_auc_20,best_classifier_p_auc_30,training_time_avg,inference_time_avg,auc_avg,auc_std,p_auc_10_avg,p_auc_10_std,p_auc_20_avg,p_auc_20_std,p_auc_30_avg,p_auc_30_std,recall_avg,recall_std
"{'hidden_activation': 'relu', 'hidden_neurons': [2, 1, 1, 2]}",141.63667332000068,5.089872766998724,0.1792975970425138,0.0188899707887049,0.0341789992952783,524156.0,5038.0,444.0,97.0,0.9206581044320622,0.6712697688607245,0.7796058456446171,0.8444276557491415,141.1549615789997,5.082198254198829,0.9204663731739162,0.0001588442389304,0.6703786696166404,0.0005026204843765,0.7790732588164341,0.0004412339970289,0.844051712105718,0.0003114592920204,0.1634011090573013,0.0092495349376686
"{'hidden_activation': 'sigmoid', 'hidden_neurons': [2, 1, 1, 2]}",162.39881983400028,5.300969498001905,0.19038817005545286,0.019611576542269613,0.03556015881235975,524045.0,5149.0,438.0,103.0,0.9204854706781549,0.6707763335269381,0.7791263074393189,0.8440891581924603,164.3207306317999,5.759799085599957,0.9199949363932429,0.0005006768323434761,0.6670857627742576,0.0025862598534800423,0.7777637122034525,0.001390768978731859,0.8431273262612604,0.0009817192791048387,0.16820702402957485,0.01197918798226961
"{'hidden_activation': 'tanh', 'hidden_neurons': [2, 1, 1, 2]}",167.3693041190022,5.663954772001034,0.16635859519408502,0.017120030435609664,0.031045187995860646,524027.0,5167.0,451.0,90.0,0.9224104886266653,0.6771781297105297,0.7844735795185145,0.8478637031895395,173.81962525920125,5.806768532999831,0.9208738686811391,0.0014749668236963632,0.6734321658477274,0.0034697888366466783,0.7802051907809412,0.004097130065823229,0.8448507229041937,0.002892091811169397,0.16746765249537893,0.004904435919194672
