,best_classifier_training_time,best_classifier_inference_time,best_classifier_recall,best_classifier_precision,best_classifier_f1,best_classifier_TN,best_classifier_FP,best_classifier_FN,best_classifier_TP,best_classifier_auc,best_classifier_p_auc_10,best_classifier_p_auc_20,best_classifier_p_auc_30,training_time_avg,inference_time_avg,auc_avg,auc_std,p_auc_10_avg,p_auc_10_std,p_auc_20_avg,p_auc_20_std,p_auc_30_avg,p_auc_30_std,recall_avg,recall_std
"{'hidden_activation': 'relu', 'hidden_neurons': [2, 1, 1, 2]}",29.85476105699945,7.617069334000007,0.008368200836820083,0.0021482277121374865,0.003418803418803419,262664.0,1858.0,474.0,4.0,0.7464668408436356,0.5859487179055733,0.7019547778735726,0.7498251627552891,43.716821958199944,9.248088606800048,0.7464008735864887,0.0001319345142935635,0.5859389859254871,1.946396017249441e-05,0.7017715354926093,0.00036648476192651096,0.7496958151922563,0.00025869512606582214,0.008368200836820083,0.0
"{'hidden_activation': 'sigmoid', 'hidden_neurons': [2, 1, 1, 2]}",152.2282920790003,8.562374181999985,0.008368200836820083,0.0021482277121374865,0.003418803418803419,262664.0,1858.0,474.0,4.0,0.7464983850715615,0.585997356993387,0.7019555138308634,0.7498256822545533,53.950762030799886,8.728103796799951,0.7464731496892207,1.261769117038014e-05,0.585958445723136,1.9455635125442682e-05,0.7019549250650308,2.943829163104539e-07,0.749825266655142,2.0779970566486838e-07,0.008368200836820083,0.0
"{'hidden_activation': 'tanh', 'hidden_neurons': [2, 1, 1, 2]}",60.65116826400026,8.487867208999887,0.008368200836820083,0.0021482277121374865,0.003418803418803419,262664.0,1858.0,474.0,4.0,0.879561745368507,0.5859515276089773,0.704006448458965,0.7725198717673594,34.09620739180009,7.916266459799954,0.7996405777039244,0.06512434068488719,0.5859492798462542,1.123881361575485e-06,0.7025970434697859,0.0008356592590176424,0.7587771150862747,0.010965665621323855,0.008368200836820083,0.0
