,best_classifier_training_time,best_classifier_inference_time,best_classifier_recall,best_classifier_precision,best_classifier_f1,best_classifier_TN,best_classifier_FP,best_classifier_FN,best_classifier_TP,best_classifier_auc,best_classifier_p_auc_10,best_classifier_p_auc_20,best_classifier_p_auc_30,training_time_avg,inference_time_avg,auc_avg,auc_std,p_auc_10_avg,p_auc_10_std,p_auc_20_avg,p_auc_20_std,p_auc_30_avg,p_auc_30_std,recall_avg,recall_std
"{'hidden_activation': 'relu', 'hidden_neurons': [2, 1, 1, 2]}",1218.6070250959892,36.42996882997977,0.5545286506469501,0.058731401722787784,0.10621348911311737,524386.0,4808.0,241.0,300.0,0.9654106579561229,0.8743637068565295,0.9191158114709798,0.9393092831638434,1218.6070250959892,36.42996882997977,0.9654106579561229,0.0,0.8743637068565295,0.0,0.9191158114709798,0.0,0.9393092831638434,0.0,0.5545286506469501,0.0
"{'hidden_activation': 'sigmoid', 'hidden_neurons': [2, 1, 1, 2]}",1209.8343465149956,41.766227487933065,0.512014787430684,0.05261158594491928,0.09541853255253185,524206.0,4988.0,264.0,277.0,0.9587120271495498,0.8646219660245464,0.9139523121826814,0.9298762163377099,1209.8343465149956,41.766227487933065,0.9587120271495498,0.0,0.8646219660245464,0.0,0.9139523121826814,0.0,0.9298762163377099,0.0,0.512014787430684,0.0
"{'hidden_activation': 'tanh', 'hidden_neurons': [2, 1, 1, 2]}",1219.7548462789564,34.129932953976095,0.5397412199630314,0.05520892418226508,0.10017152658662092,524197.0,4997.0,249.0,292.0,0.9621846083413972,0.8653959993198203,0.9219490629240152,0.9423681617015736,1219.7548462789564,34.129932953976095,0.9621846083413972,0.0,0.8653959993198203,0.0,0.9219490629240152,0.0,0.9423681617015736,0.0,0.5397412199630314,0.0
