,best_classifier_training_time,best_classifier_inference_time,best_classifier_recall,best_classifier_precision,best_classifier_f1,best_classifier_TN,best_classifier_FP,best_classifier_FN,best_classifier_TP,best_classifier_auc,best_classifier_p_auc_10,best_classifier_p_auc_20,best_classifier_p_auc_30,training_time_avg,inference_time_avg,auc_avg,auc_std,p_auc_10_avg,p_auc_10_std,p_auc_20_avg,p_auc_20_std,p_auc_30_avg,p_auc_30_std,recall_avg,recall_std
{},0.7177618960013206,1.392754585001967,0.050505050505050504,0.0010647359454855196,0.0020855057351407717,465801.0,4691.0,94.0,5.0,0.9249685929459442,0.636820461310122,0.7927429929762949,0.8528795940116555,0.7177618960013206,1.392754585001967,0.9249685929459442,0.0,0.636820461310122,0.0,0.7927429929762949,0.0,0.8528795940116555,0.0,0.050505050505050504,0.0
