,best_classifier_training_time,best_classifier_inference_time,best_classifier_recall,best_classifier_precision,best_classifier_f1,best_classifier_TN,best_classifier_FP,best_classifier_FN,best_classifier_TP,best_classifier_auc,best_classifier_p_auc_10,best_classifier_p_auc_20,best_classifier_p_auc_30,training_time_avg,inference_time_avg,auc_avg,auc_std,p_auc_10_avg,p_auc_10_std,p_auc_20_avg,p_auc_20_std,p_auc_30_avg,p_auc_30_std,recall_avg,recall_std
"{'hidden_activation': 'relu', 'hidden_neurons': [2, 1, 1, 2]}",144.7949782150099,4.4356338050201884,0.1443514644351464,0.0290159798149705,0.0483193277310924,262213.0,2309.0,409.0,69.0,0.841387665741053,0.6065459102930452,0.6462787075785651,0.6919131852107133,135.96709395220532,4.324435867404827,0.8408156075888872,0.0005520195129679,0.6051667205488691,0.0011187855738297,0.6451178238175681,0.0010843441307368,0.6907099876972712,0.0011218696010806,0.1447698744769874,0.0015655470237547
"{'hidden_activation': 'sigmoid', 'hidden_neurons': [2, 1, 1, 2]}",144.3910166870046,4.962478277007904,0.1464435146443514,0.0264750378214826,0.0448430493273542,261948.0,2574.0,408.0,70.0,0.84843863308314,0.6162475769563032,0.6574317607833807,0.7058652599318513,150.4286839723929,4.878144419606542,0.8480302237122814,0.0015468623385069,0.6130475514982728,0.0032420825058225,0.6543721680547562,0.0034166428595675,0.7048927671160041,0.0031246871547834,0.1422594142259414,0.0060633375507068
"{'hidden_activation': 'tanh', 'hidden_neurons': [2, 1, 1, 2]}",140.05169616500075,5.005039663999696,0.14435146443514643,0.02664092664092664,0.044980443285528034,262001.0,2521.0,409.0,69.0,0.8370553228735411,0.606934387037187,0.6416116588997505,0.6833790296361515,139.93494138680006,5.147297380399289,0.8378462039319426,0.001785362847822549,0.6049188191695245,0.0016641369335665748,0.6423264987136859,0.0023775412217978136,0.6849839332789553,0.003444481229398326,0.14518828451882845,0.0010248911057670227
