,best_classifier_training_time,best_classifier_inference_time,best_classifier_recall,best_classifier_precision,best_classifier_f1,best_classifier_TN,best_classifier_FP,best_classifier_FN,best_classifier_TP,best_classifier_auc,best_classifier_p_auc_10,best_classifier_p_auc_20,best_classifier_p_auc_30,training_time_avg,inference_time_avg,auc_avg,auc_std,p_auc_10_avg,p_auc_10_std,p_auc_20_avg,p_auc_20_std,p_auc_30_avg,p_auc_30_std,recall_avg,recall_std
{},0.3284222040001623,0.22168041999793786,0.09224318658280922,0.01660377358490566,0.028141989126958745,261917.0,2606.0,433.0,44.0,0.8733796582434276,0.5969333668048187,0.6813442961356125,0.7520733223724971,0.3284222040001623,0.22168041999793786,0.8733796582434276,0.0,0.5969333668048187,0.0,0.6813442961356125,0.0,0.7520733223724971,0.0,0.09224318658280922,0.0
