,best_classifier_training_time,best_classifier_inference_time,best_classifier_recall,best_classifier_precision,best_classifier_f1,best_classifier_TN,best_classifier_FP,best_classifier_FN,best_classifier_TP,best_classifier_auc,best_classifier_p_auc_10,best_classifier_p_auc_20,best_classifier_p_auc_30,training_time_avg,inference_time_avg,auc_avg,auc_std,p_auc_10_avg,p_auc_10_std,p_auc_20_avg,p_auc_20_std,p_auc_30_avg,p_auc_30_std,recall_avg,recall_std
{},0.0774727919997531,0.12045289500019862,0.007692307692307693,0.0030165912518853697,0.004333694474539546,65329.0,661.0,258.0,2.0,0.7330258372480678,0.4951961805033642,0.5265790724572358,0.5746396055712084,0.0774727919997531,0.12045289500019862,0.7330258372480678,0.0,0.4951961805033642,0.0,0.5265790724572358,0.0,0.5746396055712084,0.0,0.007692307692307693,0.0
