,best_classifier_training_time,best_classifier_inference_time,best_classifier_recall,best_classifier_precision,best_classifier_f1,best_classifier_TN,best_classifier_FP,best_classifier_FN,best_classifier_TP,best_classifier_auc,best_classifier_p_auc_10,best_classifier_p_auc_20,best_classifier_p_auc_30,training_time_avg,inference_time_avg,auc_avg,auc_std,p_auc_10_avg,p_auc_10_std,p_auc_20_avg,p_auc_20_std,p_auc_30_avg,p_auc_30_std,recall_avg,recall_std
"{'hidden_activation': 'relu', 'hidden_neurons': [2, 1, 1, 2]}",1192.1606705790255,26.26465368890058,0.45188284518828453,0.08355899419729207,0.14103819784524974,262153.0,2369.0,262.0,216.0,0.9569159547248707,0.8753023451069997,0.9189965817872668,0.9356623303906975,1192.1606705790255,26.26465368890058,0.9569159547248707,0.0,0.8753023451069997,0.0,0.9189965817872668,0.0,0.9356623303906975,0.0,0.45188284518828453,0.0
"{'hidden_activation': 'sigmoid', 'hidden_neurons': [2, 1, 1, 2]}",1170.0569653939601,26.886230444026296,0.4560669456066946,0.08238851095993953,0.13956466069142126,262094.0,2428.0,260.0,218.0,0.949525878035186,0.8692324117241432,0.9137438283236725,0.931023215383733,1170.0569653939601,26.886230444026296,0.949525878035186,0.0,0.8692324117241432,0.0,0.9137438283236725,0.0,0.931023215383733,0.0,0.4560669456066946,0.0
"{'hidden_activation': 'tanh', 'hidden_neurons': [2, 1, 1, 2]}",1210.689401133095,26.830145238956902,0.4707112970711297,0.08496978851963746,0.14395393474088294,262099.0,2423.0,253.0,225.0,0.9473215862106557,0.8591123012909279,0.908852557309315,0.9285999575658114,1210.689401133095,26.830145238956902,0.9473215862106557,0.0,0.8591123012909279,0.0,0.908852557309315,0.0,0.9285999575658114,0.0,0.4707112970711297,0.0
