,best_classifier_training_time,best_classifier_inference_time,best_classifier_recall,best_classifier_precision,best_classifier_f1,best_classifier_TN,best_classifier_FP,best_classifier_FN,best_classifier_TP,best_classifier_auc,best_classifier_p_auc_10,best_classifier_p_auc_20,best_classifier_p_auc_30,training_time_avg,inference_time_avg,auc_avg,auc_std,p_auc_10_avg,p_auc_10_std,p_auc_20_avg,p_auc_20_std,p_auc_30_avg,p_auc_30_std,recall_avg,recall_std
{},0.39252687700354727,0.8312978020003357,0.026365348399246705,0.002646002646002646,0.0048093438680865686,523927.0,5277.0,517.0,14.0,0.9166406086269836,0.6315200521085472,0.7684461350749547,0.8365502129940856,0.39252687700354727,0.8312978020003357,0.9166406086269836,0.0,0.6315200521085472,0.0,0.7684461350749547,0.0,0.8365502129940856,0.0,0.026365348399246705,0.0
