,best_classifier_training_time,best_classifier_inference_time,best_classifier_recall,best_classifier_precision,best_classifier_f1,best_classifier_TN,best_classifier_FP,best_classifier_FN,best_classifier_TP,best_classifier_auc,best_classifier_p_auc_10,best_classifier_p_auc_20,best_classifier_p_auc_30,training_time_avg,inference_time_avg,auc_avg,auc_std,p_auc_10_avg,p_auc_10_std,p_auc_20_avg,p_auc_20_std,p_auc_30_avg,p_auc_30_std,recall_avg,recall_std
{},1.2995611250007642,2.3160590849947766,0.050505050505050504,0.0012297097884899164,0.0024009603841536617,846539.0,8122.0,188.0,10.0,0.8231161509970301,0.5859019262349766,0.6466070392155315,0.6991666916615488,1.2995611250007642,2.3160590849947766,0.8231161509970301,0.0,0.5859019262349766,0.0,0.6466070392155315,0.0,0.6991666916615488,0.0,0.050505050505050504,0.0
