,best_classifier_training_time,best_classifier_inference_time,best_classifier_recall,best_classifier_precision,best_classifier_f1,best_classifier_TN,best_classifier_FP,best_classifier_FN,best_classifier_TP,best_classifier_auc,best_classifier_p_auc_10,best_classifier_p_auc_20,best_classifier_p_auc_30,training_time_avg,inference_time_avg,auc_avg,auc_std,p_auc_10_avg,p_auc_10_std,p_auc_20_avg,p_auc_20_std,p_auc_30_avg,p_auc_30_std,recall_avg,recall_std
{},0.4621429149956384,0.8195931070076767,0.41414141414141414,0.008708581138487681,0.017058456417724153,465825.0,4667.0,58.0,41.0,0.8608883376498979,0.7567536087179803,0.7697341430957871,0.7752780679339161,0.4621429149956384,0.8195931070076767,0.8608883376498979,0.0,0.7567536087179803,0.0,0.7697341430957871,0.0,0.7752780679339161,0.0,0.41414141414141414,0.0
