,best_classifier_training_time,best_classifier_inference_time,best_classifier_recall,best_classifier_precision,best_classifier_f1,best_classifier_TN,best_classifier_FP,best_classifier_FN,best_classifier_TP,best_classifier_auc,best_classifier_p_auc_10,best_classifier_p_auc_20,best_classifier_p_auc_30,training_time_avg,inference_time_avg,auc_avg,auc_std,p_auc_10_avg,p_auc_10_std,p_auc_20_avg,p_auc_20_std,p_auc_30_avg,p_auc_30_std,recall_avg,recall_std
{},0.4654410909934086,0.8036853510020592,0.21212121212121213,0.004462388440288993,0.008740894901144642,465807.0,4685.0,78.0,21.0,0.8725828762790071,0.7234270532725856,0.7514662290666276,0.7620335496656205,0.4654410909934086,0.8036853510020592,0.8725828762790071,0.0,0.7234270532725856,0.0,0.7514662290666276,0.0,0.7620335496656205,0.0,0.21212121212121213,0.0
