,best_classifier_training_time,best_classifier_inference_time,best_classifier_recall,best_classifier_precision,best_classifier_f1,best_classifier_TN,best_classifier_FP,best_classifier_FN,best_classifier_TP,best_classifier_auc,best_classifier_p_auc_10,best_classifier_p_auc_20,best_classifier_p_auc_30,training_time_avg,inference_time_avg,auc_avg,auc_std,p_auc_10_avg,p_auc_10_std,p_auc_20_avg,p_auc_20_std,p_auc_30_avg,p_auc_30_std,recall_avg,recall_std
{},1.8550430930044968,3.325674028004869,0.08080808080808081,0.0019648778091612426,0.0038364704471885868,846534.0,8127.0,182.0,16.0,0.8173541404962987,0.6285321327595706,0.6743429695688259,0.6906263087341138,1.8550430930044968,3.325674028004869,0.8173541404962987,0.0,0.6285321327595706,0.0,0.6743429695688259,0.0,0.6906263087341138,0.0,0.08080808080808081,0.0
