,best_classifier_training_time,best_classifier_inference_time,best_classifier_recall,best_classifier_precision,best_classifier_f1,best_classifier_TN,best_classifier_FP,best_classifier_FN,best_classifier_TP,best_classifier_auc,best_classifier_p_auc_10,best_classifier_p_auc_20,best_classifier_p_auc_30,training_time_avg,inference_time_avg,auc_avg,auc_std,p_auc_10_avg,p_auc_10_std,p_auc_20_avg,p_auc_20_std,p_auc_30_avg,p_auc_30_std,recall_avg,recall_std
{},1.051896332999604,1.7256646059977356,0.09595959595959595,0.0021033986493966565,0.004116563752572851,845647.0,9014.0,179.0,19.0,0.8240427012475228,0.6395007162341875,0.7000015368292382,0.7285084631660368,1.051896332999604,1.7256646059977356,0.8240427012475228,0.0,0.6395007162341875,0.0,0.7000015368292382,0.0,0.7285084631660368,0.0,0.09595959595959595,0.0
