,best_classifier_training_time,best_classifier_inference_time,best_classifier_recall,best_classifier_precision,best_classifier_f1,best_classifier_TN,best_classifier_FP,best_classifier_FN,best_classifier_TP,best_classifier_auc,best_classifier_p_auc_10,best_classifier_p_auc_20,best_classifier_p_auc_30,training_time_avg,inference_time_avg,auc_avg,auc_std,p_auc_10_avg,p_auc_10_std,p_auc_20_avg,p_auc_20_std,p_auc_30_avg,p_auc_30_std,recall_avg,recall_std
{},0.5004938609890814,0.41278536599929794,0.133086876155268,0.013566986998304126,0.024623803009575923,523959.0,5235.0,469.0,72.0,0.9335907037701537,0.6973710508950415,0.8155297326948714,0.8697856936669679,0.5004938609890814,0.41278536599929794,0.9335907037701537,0.0,0.6973710508950415,0.0,0.8155297326948714,0.0,0.8697856936669679,0.0,0.133086876155268,0.0
