,best_classifier_training_time,best_classifier_inference_time,best_classifier_recall,best_classifier_precision,best_classifier_f1,best_classifier_TN,best_classifier_FP,best_classifier_FN,best_classifier_TP,best_classifier_auc,best_classifier_p_auc_10,best_classifier_p_auc_20,best_classifier_p_auc_30,training_time_avg,inference_time_avg,auc_avg,auc_std,p_auc_10_avg,p_auc_10_std,p_auc_20_avg,p_auc_20_std,p_auc_30_avg,p_auc_30_std,recall_avg,recall_std
{},0.9242920059987227,0.41030623100232333,0.15157116451016636,0.01552148400530002,0.028159340659340663,523993.0,5201.0,459.0,82.0,0.9368013269326674,0.7131426962873124,0.8244481303685202,0.8760810332013083,0.9242920059987227,0.41030623100232333,0.9368013269326674,0.0,0.7131426962873124,0.0,0.8244481303685202,0.0,0.8760810332013083,0.0,0.15157116451016636,0.0
