,best_classifier_training_time,best_classifier_inference_time,best_classifier_recall,best_classifier_precision,best_classifier_f1,best_classifier_TN,best_classifier_FP,best_classifier_FN,best_classifier_TP,best_classifier_auc,best_classifier_p_auc_10,best_classifier_p_auc_20,best_classifier_p_auc_30,training_time_avg,inference_time_avg,auc_avg,auc_std,p_auc_10_avg,p_auc_10_std,p_auc_20_avg,p_auc_20_std,p_auc_30_avg,p_auc_30_std,recall_avg,recall_std
{},0.537825145998795,1.0497149829971022,0.010101010101010102,0.00021500752526338422,0.00042105263157894734,465842.0,4650.0,98.0,1.0,0.7055950757586492,0.5059576419156558,0.5418705111623394,0.5815291449323609,0.537825145998795,1.0497149829971022,0.7055950757586492,0.0,0.5059576419156558,0.0,0.5418705111623394,0.0,0.5815291449323609,0.0,0.010101010101010102,0.0
