,best_classifier_training_time,best_classifier_inference_time,best_classifier_recall,best_classifier_precision,best_classifier_f1,best_classifier_TN,best_classifier_FP,best_classifier_FN,best_classifier_TP,best_classifier_auc,best_classifier_p_auc_10,best_classifier_p_auc_20,best_classifier_p_auc_30,training_time_avg,inference_time_avg,auc_avg,auc_std,p_auc_10_avg,p_auc_10_std,p_auc_20_avg,p_auc_20_std,p_auc_30_avg,p_auc_30_std,recall_avg,recall_std
{},0.38405100899854006,0.3125008179977158,0.1928888888888889,0.006821539718965138,0.013177070682535827,3145426.0,31594.0,908.0,217.0,0.97296747979763,0.8577235778822635,0.9249096661045281,0.9469950584267256,0.38405100899854006,0.3125008179977158,0.97296747979763,0.0,0.8577235778822635,0.0,0.9249096661045281,0.0,0.9469950584267256,0.0,0.1928888888888889,0.0
