,best_classifier_training_time,best_classifier_inference_time,best_classifier_recall,best_classifier_precision,best_classifier_f1,best_classifier_TN,best_classifier_FP,best_classifier_FN,best_classifier_TP,best_classifier_auc,best_classifier_p_auc_10,best_classifier_p_auc_20,best_classifier_p_auc_30,training_time_avg,inference_time_avg,auc_avg,auc_std,p_auc_10_avg,p_auc_10_std,p_auc_20_avg,p_auc_20_std,p_auc_30_avg,p_auc_30_std,recall_avg,recall_std
"{'hidden_activation': 'relu', 'hidden_neurons': [2, 1, 1, 2]}",115.69228684900554,3.2926629049979965,0.1649122807017544,0.03739061256961018,0.06095979247730221,131005.0,1210.0,238.0,47.0,0.847882097938565,0.6467650931677436,0.7025508322399153,0.7376963158783252,115.73346215939891,3.400891719799256,0.847342933592348,0.0003307582288318841,0.6452514474756899,0.000833361314284289,0.7017031265554423,0.00045326954144562744,0.736657327053971,0.0006270680107192937,0.1642105263157895,0.0014035087719298288
"{'hidden_activation': 'sigmoid', 'hidden_neurons': [2, 1, 1, 2]}",136.20466966500499,3.6385302590006177,0.17192982456140352,0.03970826580226904,0.06451612903225806,131030.0,1185.0,236.0,49.0,0.862767793818017,0.6628772809920556,0.7149855754533538,0.7550838982918664,127.75228027880185,3.3726101661999563,0.8561198659015652,0.008944053607941873,0.645039669037194,0.012561596761078554,0.7007430379661573,0.013913873236497211,0.7405106538522196,0.016133373210732622,0.1705263157894737,0.0028070175438596467
"{'hidden_activation': 'tanh', 'hidden_neurons': [2, 1, 1, 2]}",130.63306575999377,3.517081162000977,0.1649122807017544,0.037480063795853266,0.061078622482131244,131008.0,1207.0,238.0,47.0,0.8449219274029343,0.6437071459931466,0.7014769124570346,0.7332745534231316,127.79484664379997,3.3372785312021733,0.8443761072309789,0.0007983910032800482,0.6415831713351187,0.0013194081411561428,0.6997605614101076,0.001522669926225988,0.7309348194024213,0.003150745659212349,0.1649122807017544,0.0
