,best_classifier_training_time,best_classifier_inference_time,best_classifier_recall,best_classifier_precision,best_classifier_f1,best_classifier_TN,best_classifier_FP,best_classifier_FN,best_classifier_TP,best_classifier_auc,best_classifier_p_auc_10,best_classifier_p_auc_20,best_classifier_p_auc_30,training_time_avg,inference_time_avg,auc_avg,auc_std,p_auc_10_avg,p_auc_10_std,p_auc_20_avg,p_auc_20_std,p_auc_30_avg,p_auc_30_std,recall_avg,recall_std
{},0.3416335509991768,0.23732683499838458,0.12052730696798493,0.012082310741929394,0.021962937542896358,523971.0,5233.0,467.0,64.0,0.929714710923335,0.6780281484013825,0.8047630858981535,0.8621857076928142,0.3416335509991768,0.23732683499838458,0.929714710923335,0.0,0.6780281484013825,0.0,0.8047630858981535,0.0,0.8621857076928142,0.0,0.12052730696798493,0.0
