,best_classifier_training_time,best_classifier_inference_time,best_classifier_recall,best_classifier_precision,best_classifier_f1,best_classifier_TN,best_classifier_FP,best_classifier_FN,best_classifier_TP,best_classifier_auc,best_classifier_p_auc_10,best_classifier_p_auc_20,best_classifier_p_auc_30,training_time_avg,inference_time_avg,auc_avg,auc_std,p_auc_10_avg,p_auc_10_std,p_auc_20_avg,p_auc_20_std,p_auc_30_avg,p_auc_30_std,recall_avg,recall_std
{},2.2532634189992677,4.577786320998712,0.17066666666666666,0.006069802731411229,0.011722685227584944,3145580.0,31440.0,933.0,192.0,0.9730450918715582,0.8581320624818851,0.925125255198773,0.9471472389638396,2.2532634189992677,4.577786320998712,0.9730450918715582,0.0,0.8581320624818851,0.0,0.925125255198773,0.0,0.9471472389638396,0.0,0.17066666666666666,0.0
