,best_classifier_training_time,best_classifier_inference_time,best_classifier_recall,best_classifier_precision,best_classifier_f1,best_classifier_TN,best_classifier_FP,best_classifier_FN,best_classifier_TP,best_classifier_auc,best_classifier_p_auc_10,best_classifier_p_auc_20,best_classifier_p_auc_30,training_time_avg,inference_time_avg,auc_avg,auc_std,p_auc_10_avg,p_auc_10_std,p_auc_20_avg,p_auc_20_std,p_auc_30_avg,p_auc_30_std,recall_avg,recall_std
{},0.3808272529968235,0.3176403589950496,0.2008888888888889,0.007105354167321659,0.013725252034495324,3145439.0,31581.0,899.0,226.0,0.9739233208758171,0.8627543203990382,0.9275647802106035,0.9488692566192495,0.3808272529968235,0.3176403589950496,0.9739233208758171,0.0,0.8627543203990382,0.0,0.9275647802106035,0.0,0.9488692566192495,0.0,0.2008888888888889,0.0
