,best_classifier_training_time,best_classifier_inference_time,best_classifier_recall,best_classifier_precision,best_classifier_f1,best_classifier_TN,best_classifier_FP,best_classifier_FN,best_classifier_TP,best_classifier_auc,best_classifier_p_auc_10,best_classifier_p_auc_20,best_classifier_p_auc_30,training_time_avg,inference_time_avg,auc_avg,auc_std,p_auc_10_avg,p_auc_10_std,p_auc_20_avg,p_auc_20_std,p_auc_30_avg,p_auc_30_std,recall_avg,recall_std
{},0.04945480700189364,0.0801909549991251,0.031578947368421054,0.007679180887372013,0.012354152367879203,131052.0,1163.0,276.0,9.0,0.8449034036135985,0.5062207571868895,0.664916302960397,0.7195598682947164,0.04945480700189364,0.0801909549991251,0.8449034036135985,0.0,0.5062207571868895,0.0,0.664916302960397,0.0,0.7195598682947164,0.0,0.031578947368421054,0.0
