,best_classifier_training_time,best_classifier_inference_time,best_classifier_recall,best_classifier_precision,best_classifier_f1,best_classifier_TN,best_classifier_FP,best_classifier_FN,best_classifier_TP,best_classifier_auc,best_classifier_p_auc_10,best_classifier_p_auc_20,best_classifier_p_auc_30,training_time_avg,inference_time_avg,auc_avg,auc_std,p_auc_10_avg,p_auc_10_std,p_auc_20_avg,p_auc_20_std,p_auc_30_avg,p_auc_30_std,recall_avg,recall_std
{},1.0432299149979372,2.2306720329979726,0.10101010101010101,0.0021372088053002777,0.004185851820845542,465823.0,4669.0,89.0,10.0,0.9442126861912958,0.724415758918499,0.8466027832573917,0.8906131101790113,1.0432299149979372,2.2306720329979726,0.9442126861912958,0.0,0.724415758918499,0.0,0.8466027832573917,0.0,0.8906131101790113,0.0,0.10101010101010101,0.0
