,best_classifier_training_time,best_classifier_inference_time,best_classifier_recall,best_classifier_precision,best_classifier_f1,best_classifier_TN,best_classifier_FP,best_classifier_FN,best_classifier_TP,best_classifier_auc,best_classifier_p_auc_10,best_classifier_p_auc_20,best_classifier_p_auc_30,training_time_avg,inference_time_avg,auc_avg,auc_std,p_auc_10_avg,p_auc_10_std,p_auc_20_avg,p_auc_20_std,p_auc_30_avg,p_auc_30_std,recall_avg,recall_std
{},0.01731207299962989,0.01791467699877103,0.0111731843575419,0.01098901098901099,0.0110803324099723,18721.0,180.0,177.0,2.0,0.6312266886650495,0.47936804564603247,0.5082556980372486,0.5716780824107004,0.01731207299962989,0.01791467699877103,0.6312266886650495,0.0,0.47936804564603247,0.0,0.5082556980372486,0.0,0.5716780824107004,0.0,0.0111731843575419,0.0
