,best_classifier_training_time,best_classifier_inference_time,best_classifier_recall,best_classifier_precision,best_classifier_f1,best_classifier_TN,best_classifier_FP,best_classifier_FN,best_classifier_TP,best_classifier_auc,best_classifier_p_auc_10,best_classifier_p_auc_20,best_classifier_p_auc_30,training_time_avg,inference_time_avg,auc_avg,auc_std,p_auc_10_avg,p_auc_10_std,p_auc_20_avg,p_auc_20_std,p_auc_30_avg,p_auc_30_std,recall_avg,recall_std
{},3.509258074997433,3.4633915960016566,0.4097777777777778,0.01450689156019888,0.028021760933653467,3145703.0,31317.0,664.0,461.0,0.9872110699124756,0.9326898416446086,0.9644751942013212,0.9749236664950505,3.509258074997433,3.4633915960016566,0.9872110699124756,0.0,0.9326898416446086,0.0,0.9644751942013212,0.0,0.9749236664950505,0.0,0.4097777777777778,0.0
