,best_classifier_training_time,best_classifier_inference_time,best_classifier_recall,best_classifier_precision,best_classifier_f1,best_classifier_TN,best_classifier_FP,best_classifier_FN,best_classifier_TP,best_classifier_auc,best_classifier_p_auc_10,best_classifier_p_auc_20,best_classifier_p_auc_30,training_time_avg,inference_time_avg,auc_avg,auc_std,p_auc_10_avg,p_auc_10_std,p_auc_20_avg,p_auc_20_std,p_auc_30_avg,p_auc_30_std,recall_avg,recall_std
{},0.558946195000317,1.1880477310005517,0.010101010101010102,0.00021399529210357372,0.0004191114836546521,465820.0,4672.0,98.0,1.0,0.9245477246814147,0.6739253977544735,0.795590985954832,0.8520543621204206,0.558946195000317,1.1880477310005517,0.9245477246814147,0.0,0.6739253977544735,0.0,0.795590985954832,0.0,0.8520543621204206,0.0,0.010101010101010102,0.0
