,best_classifier_training_time,best_classifier_inference_time,best_classifier_recall,best_classifier_precision,best_classifier_f1,best_classifier_TN,best_classifier_FP,best_classifier_FN,best_classifier_TP,best_classifier_auc,best_classifier_p_auc_10,best_classifier_p_auc_20,best_classifier_p_auc_30,training_time_avg,inference_time_avg,auc_avg,auc_std,p_auc_10_avg,p_auc_10_std,p_auc_20_avg,p_auc_20_std,p_auc_30_avg,p_auc_30_std,recall_avg,recall_std
{},0.031769540000823326,0.043321346001903294,0.0111731843575419,0.010471204188481676,0.010810810810810811,18712.0,189.0,177.0,2.0,0.4578191748300983,0.4899070274413481,0.4724925960223138,0.4642528857997482,0.031769540000823326,0.043321346001903294,0.4578191748300983,0.0,0.4899070274413481,0.0,0.4724925960223138,0.0,0.4642528857997482,0.0,0.0111731843575419,0.0
