,best_classifier_training_time,best_classifier_inference_time,best_classifier_recall,best_classifier_precision,best_classifier_f1,best_classifier_TN,best_classifier_FP,best_classifier_FN,best_classifier_TP,best_classifier_auc,best_classifier_p_auc_10,best_classifier_p_auc_20,best_classifier_p_auc_30,training_time_avg,inference_time_avg,auc_avg,auc_std,p_auc_10_avg,p_auc_10_std,p_auc_20_avg,p_auc_20_std,p_auc_30_avg,p_auc_30_std,recall_avg,recall_std
{},0.5650152309972327,1.016079612003523,0.010101010101010102,0.00021240441801189465,0.0004160599126274183,465785.0,4707.0,98.0,1.0,0.6991656466727244,0.5593879503914106,0.6173345268972825,0.6407149058278714,0.5650152309972327,1.016079612003523,0.6991656466727244,0.0,0.5593879503914106,0.0,0.6173345268972825,0.0,0.6407149058278714,0.0,0.010101010101010102,0.0
