,best_classifier_training_time,best_classifier_inference_time,best_classifier_recall,best_classifier_precision,best_classifier_f1,best_classifier_TN,best_classifier_FP,best_classifier_FN,best_classifier_TP,best_classifier_auc,best_classifier_p_auc_10,best_classifier_p_auc_20,best_classifier_p_auc_30,training_time_avg,inference_time_avg,auc_avg,auc_std,p_auc_10_avg,p_auc_10_std,p_auc_20_avg,p_auc_20_std,p_auc_30_avg,p_auc_30_std,recall_avg,recall_std
{},0.7427743519983778,1.5040002949972404,0.010101010101010102,0.00021253985122210415,0.00041631973355537054,465788.0,4704.0,98.0,1.0,0.9215215029150229,0.6804672618814769,0.7838069119001279,0.8461205939510252,0.7427743519983778,1.5040002949972404,0.9215215029150229,0.0,0.6804672618814769,0.0,0.7838069119001279,0.0,0.8461205939510252,0.0,0.010101010101010102,0.0
