,best_classifier_training_time,best_classifier_inference_time,best_classifier_recall,best_classifier_precision,best_classifier_f1,best_classifier_TN,best_classifier_FP,best_classifier_FN,best_classifier_TP,best_classifier_auc,best_classifier_p_auc_10,best_classifier_p_auc_20,best_classifier_p_auc_30,training_time_avg,inference_time_avg,auc_avg,auc_std,p_auc_10_avg,p_auc_10_std,p_auc_20_avg,p_auc_20_std,p_auc_30_avg,p_auc_30_std,recall_avg,recall_std
{},0.17232726699876366,0.303412216999277,0.029574861367837338,0.003205128205128205,0.0057834809325862995,524218.0,4976.0,525.0,16.0,0.9320392354495898,0.6890924382973836,0.8112200984710825,0.866743598920764,0.17232726699876366,0.303412216999277,0.9320392354495898,0.0,0.6890924382973836,0.0,0.8112200984710825,0.0,0.866743598920764,0.0,0.029574861367837338,0.0
