,best_classifier_training_time,best_classifier_inference_time,best_classifier_recall,best_classifier_precision,best_classifier_f1,best_classifier_TN,best_classifier_FP,best_classifier_FN,best_classifier_TP,best_classifier_auc,best_classifier_p_auc_10,best_classifier_p_auc_20,best_classifier_p_auc_30,training_time_avg,inference_time_avg,auc_avg,auc_std,p_auc_10_avg,p_auc_10_std,p_auc_20_avg,p_auc_20_std,p_auc_30_avg,p_auc_30_std,recall_avg,recall_std
"{'hidden_activation': 'relu', 'hidden_neurons': [2, 1, 1, 2]}",661.8828709659992,142.09688851400097,0.09379615952732644,0.0059345794392523365,0.011162872461984706,3155518.0,21273.0,1227.0,127.0,0.9700197948143845,0.8422094463914971,0.916721652262179,0.9412152839497734,361.47593124519955,110.73544692320029,0.9700197948143845,0.0,0.842209446391497,1.1102230246251565e-16,0.916721652262179,0.0,0.9412152839497734,0.0,0.09379615952732644,0.0
"{'hidden_activation': 'sigmoid', 'hidden_neurons': [2, 1, 1, 2]}",1496.8800183849999,104.26944628199999,0.09379615952732644,0.0059345794392523365,0.011162872461984706,3155518.0,21273.0,1227.0,127.0,0.9700197948143845,0.8422094463914971,0.916721652262179,0.9412152839497734,560.4170727467994,99.72758609240009,0.9065098067034061,0.12701997622195704,0.8245393719410107,0.035340148900972854,0.8885626924863459,0.05631791955166641,0.9080444272968176,0.06634171330591175,0.09379615952732644,0.0
"{'hidden_activation': 'tanh', 'hidden_neurons': [2, 1, 1, 2]}",789.8482636860008,101.6187086029986,0.09379615952732644,0.0059345794392523365,0.011162872461984706,3155518.0,21273.0,1227.0,127.0,0.9700281882931866,0.8422536225957188,0.9167449674810739,0.9412317417513462,388.4924227121999,124.3180913078002,0.843001497288188,0.15556843512166285,0.8068781327313687,0.04328988307000092,0.8604083957542917,0.06897889102302736,0.8748768622041763,0.08125436090072084,0.09379615952732644,0.0
