,best_classifier_training_time,best_classifier_inference_time,best_classifier_recall,best_classifier_precision,best_classifier_f1,best_classifier_TN,best_classifier_FP,best_classifier_FN,best_classifier_TP,best_classifier_auc,best_classifier_p_auc_10,best_classifier_p_auc_20,best_classifier_p_auc_30,training_time_avg,inference_time_avg,auc_avg,auc_std,p_auc_10_avg,p_auc_10_std,p_auc_20_avg,p_auc_20_std,p_auc_30_avg,p_auc_30_std,recall_avg,recall_std
"{'hidden_activation': 'relu', 'hidden_neurons': [2, 1, 1, 2]}",24.165135473999726,2.0574614870001824,0.007692307692307693,0.0038910505836575876,0.00516795865633075,65478.0,512.0,258.0,2.0,0.71172861272687,0.49544965611767294,0.6150413070874504,0.6724575139018504,13.093372634200023,1.9804541550000068,0.71172861272687,0.0,0.495449656117673,5.551115123125783e-17,0.6150413070874504,0.0,0.6724575139018504,0.0,0.007692307692307693,0.0
"{'hidden_activation': 'sigmoid', 'hidden_neurons': [2, 1, 1, 2]}",9.614233622000029,2.0671677939999427,0.007692307692307693,0.0038910505836575876,0.00516795865633075,65478.0,512.0,258.0,2.0,0.71172861272687,0.49544965611767294,0.6150413070874504,0.6724575139018504,17.76616676099984,2.395243247000144,0.7116999253966219,5.737466049633433e-05,0.4954466805717523,5.951091841294164e-06,0.6150397366604368,3.140854027350315e-06,0.672456405365135,2.217073431065586e-06,0.007692307692307693,0.0
"{'hidden_activation': 'tanh', 'hidden_neurons': [2, 1, 1, 2]}",5.617574440000681,2.5994650910006385,0.007692307692307693,0.0038910505836575876,0.00516795865633075,65478.0,512.0,258.0,2.0,0.7147046463916444,0.49544965611767294,0.6150413070874504,0.6724575139018504,15.38883075360045,2.3581818880000354,0.6943577115413756,0.02321910209279573,0.4954276002669828,4.411170138034493e-05,0.6092800255931033,0.007020843146145139,0.6596426123341966,0.015670063488982793,0.007692307692307693,0.0
