,best_classifier_training_time,best_classifier_inference_time,best_classifier_recall,best_classifier_precision,best_classifier_f1,best_classifier_TN,best_classifier_FP,best_classifier_FN,best_classifier_TP,best_classifier_auc,best_classifier_p_auc_10,best_classifier_p_auc_20,best_classifier_p_auc_30,training_time_avg,inference_time_avg,auc_avg,auc_std,p_auc_10_avg,p_auc_10_std,p_auc_20_avg,p_auc_20_std,p_auc_30_avg,p_auc_30_std,recall_avg,recall_std
"{'hidden_activation': 'relu', 'hidden_neurons': [2, 1, 1, 2]}",1154.0789184450368,20.500707788967702,0.17543859649122806,0.037821482602118005,0.06222775357809583,130943.0,1272.0,235.0,50.0,0.9738497171340408,0.8730470240192245,0.9283860337646337,0.9487249355569425,1154.0789184450368,20.500707788967702,0.9738497171340408,0.0,0.8730470240192245,0.0,0.9283860337646337,0.0,0.9487249355569425,0.0,0.17543859649122806,0.0
"{'hidden_activation': 'sigmoid', 'hidden_neurons': [2, 1, 1, 2]}",1210.570403214988,20.32677857703311,0.1824561403508772,0.03927492447129909,0.06463642013673089,130943.0,1272.0,233.0,52.0,0.9752627531844397,0.8760466990288245,0.9321787368748359,0.9514955944792935,1210.570403214988,20.32677857703311,0.9752627531844397,0.0,0.8760466990288245,0.0,0.9321787368748359,0.0,0.9514955944792935,0.0,0.1824561403508772,0.0
"{'hidden_activation': 'tanh', 'hidden_neurons': [2, 1, 1, 2]}",1210.5899783110544,23.376707000006718,0.17543859649122806,0.03773584905660377,0.062111801242236024,130940.0,1275.0,235.0,50.0,0.9632124974539742,0.8224912701823945,0.8991386010396116,0.927867642066616,1210.5899783110544,23.376707000006718,0.9632124974539742,0.0,0.8224912701823945,0.0,0.8991386010396116,0.0,0.927867642066616,0.0,0.17543859649122806,0.0
